,0
d2e435ed-936a-4137-8711-14457490767c,Epi
ad7e12ba-2b61-4720-b8f3-98a5f4fdae1a,Treg
566afb8a-2b72-4c84-93a3-36c27474a650,CD8_T
2cf7a8cb-ca8d-49d5-bdbd-82df66dece38,Myeloid
7d6c3a4c-3931-4953-9e02-bde979a330cf,CD8_T
eeb18ddf-8f40-4794-8349-30c9370ed605,CD8_T
2827e4b9-990c-495b-afe0-7a989816b74a,Epi
696e77ba-6f7f-4040-8595-71dfec1304dc,Treg
20697dd5-27c5-4f10-9e0d-a8544e2b3807,Epi
50968d6b-3530-41b9-a5eb-e43261f30cca,Epi
12855dff-0493-4aa5-9c1f-91775d3346d2,Myeloid
59048514-212a-44db-8630-9ad2733ca674,CD8_T
7b6e2dcc-f426-45ea-ba76-292b43e499c6,Epi
fcaf8629-408b-4b62-a246-9702c9e10897,CD8_T
3e77eecf-73b3-46c2-8633-a7603f39f466,CD8_T
0656d570-a3d8-4553-85c5-60b0d178c028,Epi
49f93f73-c612-4c01-aa06-17217bcb6b7a,Epi
5dd50621-ed7e-45cd-9a1a-9512cd5894d7,Epi
2a1039f1-35e4-4245-a71b-f602d08c8936,Epi
39cdd2c6-3eb8-4886-b6f9-075a65d02581,Epi
7b90be2e-a857-4c63-96c7-011207402132,Epi
6e9315ac-ef41-4775-a6c1-ecef29915216,Epi
53d23ba7-7d30-418b-830c-7baff6808064,Stroma
3247a0c4-d9e5-439d-a0a3-c6fe728ba76f,Stroma
e32a8d53-4cee-4f11-8f83-dd46ce1b53f7,Stroma
8871e349-4b19-4d0a-87c7-ccbab3e1634a,Stroma
8069052d-4e74-4ebd-b215-5a703b7b9567,Stroma
05427d6d-a2d0-459e-bc04-d9c65ab88dc2,Treg
f95c8952-3545-4286-a76a-73b6fb7cf8b9,Myeloid
fab1329d-07ca-443b-8161-c074057c63cc,CD4_T
0892aace-0ff1-4042-af18-4a6b65638557,Myeloid
32f5f87d-9252-4dff-993e-54b3be670d6a,CD8_T
e2ea60a1-8dae-48ed-80cf-c6be6323b450,CD4_T
fc64e711-a79f-4a53-a7ad-49051fabd86a,CD8_T
17a9a798-c3ad-42bf-83ca-1f6aced99d15,Epi
1217e7ab-4ea8-47c0-8f0a-3f0719873cd7,Epi
60c40d97-e382-49b2-8a7e-497fd8c710ff,Epi
9fcd0bf1-eda9-473e-8f70-6b947aa14006,Epi
22eab3d3-a9cd-4fae-80f0-a1e943af8dc9,Epi
f1771d2a-2f97-4100-bf0f-e804c300eb94,Epi
e35c3568-167f-4aa7-9601-7e3387e2c377,Epi
7c1bb786-e7a2-4ff7-9026-8d97c8d5aba2,Epi
6e3e813b-29f8-452a-b9bc-03a3e2c1a22a,Epi
18cd1234-6544-44e0-9d89-904ac595203e,CD8_T
3b845d9e-39f7-40bc-89d3-c76eade61624,CD8_T
810f1ffe-972b-4fe8-8889-7bd8155255b2,CD8_T
8769a7ae-425e-482e-8229-155165f56e06,CD8_T
aa095995-bcc4-4f90-8433-c04ce518bc97,CD8_T
c6702a50-3849-450a-9883-5dbf43ba181f,Endothelia
62497651-83b6-479d-9b7d-e89462202cb6,Epi
ec014be3-1054-4858-8507-360f0aee24ec,Epi
ba521e4c-788f-4c36-89f4-eaf43c2443bc,Epi
4a3e262c-08a6-465f-9779-b587e2f05d45,Epi
afe0300e-712e-48dd-b7f5-fe9c2ef2c98d,Epi
a8db8fb8-14f1-4ef3-87cf-c659d07b17d0,Epi
40cfd723-9f8a-498e-8c14-7a3325852533,Epi
248890ec-64ef-49c8-9308-c00f499e9a8f,Epi
7d23eb70-6dc3-423d-93b8-980bad892824,Epi
eec38a8b-79f7-4633-94d4-e1560b50e0df,Epi
88286a77-f5dc-45db-a0f5-144ff42727b4,Epi
3c60da98-49b7-4e98-b7ac-cadb840337ba,Epi
b2ce62b0-1f91-4d3f-90e8-209b1ce8f2a2,Epi
5a7dd8ba-92e0-42ed-8574-701019c03de7,Epi
471368d1-0699-4d22-9a82-acc9e178eafe,Epi
55315ef4-2289-4ddc-8919-93c8a139ff14,Epi
fc54fb14-ba97-4258-9fc9-6a42af65bf8a,Epi
7f214d7b-3ec7-4eb4-baca-78fb3de94978,Epi
1791f362-a89c-4484-ba24-3bee7c6f6983,Epi
813c3954-331b-4ef5-8bef-1ce276a70a60,Epi
e8a0ef7c-0171-45bf-a642-520bd4ca93c4,Epi
87924f39-bb8c-4ba4-b31c-3269f00e20e8,Epi
46fc23dd-8172-462e-8dc2-0b21c8d35c9b,Epi
94525c53-c6f6-4052-a7d7-f0f4abacc55f,Epi
cdc3388f-1a0f-418e-a8fc-5df6f32fadc9,Epi
d720d8f2-6705-489c-90f4-888b5b7f8f54,Epi
2e320801-8eff-4b69-a518-1b884c1822fe,Epi
71074934-0333-486b-9e14-41a6b08f5485,Epi
9dfaf544-2e51-43c6-9a75-fc7699727798,Epi
f5abf9ad-84eb-48e7-b9dc-f39ea724da58,CD8_T
632c1c6b-2c94-4a1c-b969-ee9962edb8ea,CD4_T
ab4274fd-670b-45de-b87c-a79f55130f14,Myeloid
62620c34-febc-4fac-94d0-982cd04e9f54,Myeloid
587a35de-6b9b-4b0b-98e1-473071ef600d,CD4_T
19c20512-79f0-474d-b692-e836b6895482,Myeloid
66082ba9-88fe-4a62-87f6-4f03f0b677e1,Epi
9bdcf32e-702d-45f0-a706-be4892ff05f2,Epi
52d5b146-d23f-4b18-bd56-d65501a2b931,Epi
d6ae5ecd-c807-466e-bfb3-e3debe4b91b7,Epi
efa789c6-97cc-4db0-b33e-58f830d0af6a,Epi
979980b0-7456-4ad5-91d5-87ef8ad2b7d8,Epi
e971d9aa-e147-4348-a449-a6a4b7b179be,Epi
5cca0f6c-6dec-49be-a80c-17f5ec1c24d1,Epi
0f866b27-800f-4798-843a-4f1ba43eedba,Epi
c0d927d9-dea5-4651-96c9-6ce28403327b,CD8_T
31069087-a0b5-46aa-9cfb-537a2d2b2691,CD8_T
554f4f18-c7d4-4afc-baf8-7630988f1abc,Bcell
a757250c-d75f-4da3-85d9-e19746ff51ee,Myeloid
375d1cb7-1d20-409d-abab-b7d7f6eac5a7,Treg
4bc6bec6-72d0-48bf-a45b-25a6d5a13636,Treg
01210729-23ea-4137-b346-4272f0686dd4,CD4_T
b025e782-8951-4d26-8ae6-3539d7b93571,Treg
b6744726-dbbf-4848-9f36-628b797eed94,Treg
a1a58aa8-faab-4e6c-86be-4ba7d6af4991,CD8_T
8588b4d5-68d5-460f-99cc-add1174b9d2d,Treg
a561e07f-5381-40f2-b601-adbb4ad52e0d,Stroma
5ac53973-7baf-473b-941a-5664077b5a38,Epi
52279f5d-044c-4f5b-939e-bdf63dd87ad6,Treg
f29ef98d-efc7-4344-8dc4-e28326c55d30,Stroma
653ad159-83ed-43b5-a8c0-a5a44c535e2d,Stroma
c722bdac-4908-4065-b51a-d398f185474d,Myeloid
7b9fff54-5a22-49ee-939f-a00cf7a0fe2d,Stroma
4821968a-e325-4101-a940-5f9c632799b8,Stroma
65575439-88b7-488f-be67-c897241fb007,Stroma
68428b34-6ab7-418d-819a-f936154b57a9,Stroma
f2d28caf-c5d2-4816-9941-7aaf43932df1,Epi
7cbdb533-0adf-4c12-b9ae-382e652d5415,Epi
6bddaebb-2ea3-438a-811c-395db1425934,Epi
4d854ff1-9bfe-41d2-ac3d-5cbf980615f8,Epi
4446b075-c9b1-408b-9277-f4fe84898bec,Epi
c4e3a2a2-a0d3-4272-a85a-c46fe0dec7b6,Epi
bb31108f-1397-468f-8ac4-d00893b9d272,Epi
f9cdc533-8cd2-46b1-843a-9f43991a48d8,Epi
425d800a-72fb-48ad-a285-443684159bf8,Epi
39fa8f70-b329-4784-9f6b-be8a1c543d4c,Epi
2f6a991e-663d-4c5d-85f1-8174a9954068,Epi
d002e090-315d-4c8c-8f4d-e3afdd4ed377,Endothelia
13fa0248-a369-446f-a0ab-6d9419cb363f,Treg
5d8bf37d-109a-42a3-8c9b-5d35c7a46a65,CD8_T
731e8cd5-b796-44c1-a6a5-efcd1d873f2d,Treg
28f08a91-2f62-46d2-8f61-5f6422291f50,CD8_T
57074039-76de-4847-b430-fd90be6943e1,Myeloid
29645a3b-c747-4dda-a8a4-a43299fa1b6b,Epi
cd2fd6bd-a30c-4771-9b3e-a21fa683ace0,CD8_T
9612dc5d-8bc0-443f-8501-d5e889c9962c,CD8_T
2faa6135-d3b1-419f-adb1-8b5f10a9db7d,CD8_T
e1dd16be-8497-4168-9e2a-e7f7558e112e,CD8_T
cbad16db-0452-4547-9b36-ac78ffe7d431,CD8_T
95bf8965-0d31-4583-a728-903de2e4e89b,CD8_T
0529daa6-0537-4df1-baff-67bbf26ad36b,Stroma
01ccd963-493d-4ecd-a453-91598880b641,Stroma
a76e3abd-4d10-4613-abfe-06c4b717cd59,Treg
d7b60fc0-5474-4575-9786-5d660c1c1337,Myeloid
88f5e95d-3d81-4b91-b6bb-bd39267fb36e,Stroma
75a06344-2d72-456c-a144-68b6f168f02a,Stroma
aab541a0-2aff-4a26-b51a-4af3c761f91a,CD8_T
495646fd-7dd4-4923-9a0d-ef79b1d984f1,Endothelia
31c008d4-9160-4326-8cb5-e942ffbaed45,CD4_T
dc8f9f18-0da2-44e0-add9-eec7a99d8774,Epi
ea4180d2-497d-400f-a295-c7b7240e4ec8,Epi
41e8d96f-dc3c-4bdb-99df-adb68c7c8ed1,Epi
9bdab981-24f1-4a17-8348-e11ebf938be3,Epi
eef38b9c-becd-4752-b817-9c48fcee4150,CD8_T
93ab7f6d-2672-4906-9ec2-2f7bd3fdfbf3,Myeloid
45d8be9f-bb00-4735-9780-839969623527,CD8_T
e437bd71-cfc7-4966-8d1a-8c743da3119c,Myeloid
7b50848c-55b4-46b9-95f7-00616e9133c9,CD8_T
516fe3b9-1968-4f04-9958-7d11ed5a52fe,CD8_T
81dd23c5-2ce5-4024-9ccf-d0f64bb15ea8,CD8_T
88dc89c4-d9ed-4bcb-8d4e-52e5b63931ab,CD8_T
8f90e8b2-4719-4743-bad3-3e610ba3585f,CD8_T
08a5d36a-71aa-4e7f-baf3-a8ff497fabd3,CD8_T
c3b32715-b911-41e4-8bbd-4955017ce812,CD8_T
31178b6e-14c3-4ebc-aa39-70d597387c75,CD8_T
01f0f083-5ab9-4949-a6a7-5cc162920104,Myeloid
de859848-f40b-4cb9-bdfe-966f9b87fbd9,Myeloid
f622985f-8df9-4652-bdb1-0d6da4c59df1,Myeloid
f62bbf13-9016-4561-95a8-04af8a90836a,Myeloid
0a5d01c6-b5ff-491a-9ec2-4d64677d7250,Epi
c5a25fea-1f8f-44cd-9b0d-5c81105d901a,Myeloid
b39d087a-42cc-4d30-b60e-086f0ff017a4,CD4_T
9f5bb6b8-56d3-4755-aa04-e82d08e00c2e,Myeloid
fc92e6e2-7d97-4af6-acae-4d187e39bb00,CD8_T
63478330-263f-486d-a6ea-6a64db5daac0,Epi
b793de4f-7f47-4661-8d1e-b3ccfe835d9b,Epi
9bd428a6-6831-4dcd-8ce9-ad4e33f69676,Epi
8baeb92e-db1f-4738-86dc-14082688ec25,Epi
0d186bc6-ea35-41dc-916f-adb07f9878a4,CD8_T
678274be-82ee-48e5-816c-d208b1289b74,Myeloid
d67cee18-991e-4cc6-9a75-5989a95b05f1,CD8_T
302050a5-e02d-4b9e-9986-36e1fa0742f9,CD4_T
400407fb-e6cb-4c30-b8c8-ec765bc75650,CD4_T
95bb1c64-3247-464a-9af3-655e5f075c04,Treg
89f6c54d-ea1f-41dd-97cb-13a1318d1ed7,CD4_T
5689d3b3-dde8-4777-acab-afdf241da3da,CD4_T
7cd96118-a2b1-475a-b8fb-329e35c34776,Stroma
77bffa92-d757-427f-8c5a-99e112cba01a,Stroma
8074e86b-48f9-4b65-bd74-d939c3aff517,Myeloid
1edf8ae9-b1b0-4ea8-8950-78a34735e369,Endothelia
fe9b5b98-c9d0-403d-867b-c7a3b8908530,CD8_T
ced4faa5-be9e-4dba-9a4e-9d23a976ce4a,Epi
9d6d4d00-17dc-4b9a-a38a-3dea54541033,CD8_T
ccea3ffd-2301-4e8e-a4bf-80a1749e281b,Bcell
a39ecc2f-85f4-4d60-9640-aea5c1eb4927,Bcell
ce17c2ea-471f-4257-b602-8c145659b046,Epi
4f5b3de4-8028-4e67-9d59-660507e3afba,Bcell
7c24356b-e5ba-425f-8292-825848389c6d,CD8_T
bf9cc1c9-0fca-47a6-b283-54ec01efe31f,Endothelia
e9e05f1b-4069-4608-9ebf-fe26aa93e9b4,Endothelia
bd514a08-cbb9-446d-b8a4-d2b90a94862d,CD4_T
2f53a241-50b7-4274-be3b-893ff3290300,Epi
1883c819-41d9-4237-ab35-d180d13d38a1,Myeloid
46c22b68-72f3-48c7-a5d2-9d28a0303122,Myeloid
c0730f76-3e3f-46ee-8d87-ee5bcbefdb24,Myeloid
5e9f1e81-ca05-40ce-a8d2-dc58c2ce0343,Myeloid
118c69b2-bb9a-40d2-b435-454071fc16c2,Myeloid
1b4b8558-fee3-452e-a233-6bb280444ec3,Myeloid
015fc63e-7294-4cd2-a6ac-1a74dd5379c6,Myeloid
12b7179e-8166-47f9-9695-666a6acafc1b,CD8_T
e24610f3-f1cd-44ef-a9a1-193a0dedd2c0,Epi
27a1afc7-fe46-4039-bf68-96428c780303,Epi
c580015b-eb47-4c2e-8140-932efb3031a5,Epi
97549c21-0824-477b-bd9d-a67cd8febfa2,Epi
7a010e25-5214-4f17-8c31-1e6f517dec1e,Epi
744885fa-7a46-4115-9ff2-b377ff36321a,Epi
8a7d0b6a-4374-4a25-8380-1e382557727b,Epi
6a510351-343d-4518-adcf-9b133e336897,Epi
4f200a4f-6698-4ba6-8c88-23acc0058eaa,Epi
9dc69c88-910d-49b1-90b6-5bced431acfb,Epi
5fcbdc62-7a86-4626-a00d-54521dd61ca8,Epi
48e3708d-3249-4b32-9728-994c9b5feeb9,Epi
b4d0480c-cb1b-4f42-b59e-83f43252906f,Epi
67e34bde-1e1d-40d2-a844-d2a10da6d750,Epi
21187065-1ff3-457c-a77c-231c744fd4e2,Epi
3ac88594-3e4d-4eff-bc11-26dd5c2c4cb0,Epi
04ef8983-b4ac-4214-bdd3-1aa7ef616039,Epi
a0995879-1e40-4be8-a773-432a7f22e41c,Epi
458285b9-c8b1-47cd-be93-4c807c904364,Epi
9140df95-63df-47f9-a8b9-d7bee921363d,Epi
3d7598a0-ec2c-4683-8a0c-c7e08c0341c5,Epi
74195d1d-c7fb-4520-9a08-25d173096d78,CD8_T
74fa2305-57d8-47e9-976e-364ebacf50b2,Epi
a6e50dd7-ba33-41cd-94ed-f6e8efd026c7,Epi
8ef215de-23e8-4291-9c8f-6157f32692c1,Epi
d98f18fd-06b4-4481-ae84-b4cb49f459ed,Epi
a7cf2625-db27-4d7f-a004-d3981c7ff8b2,Epi
ccd04670-3e53-4960-ae61-17416042d69c,Epi
42e90000-5d62-4e7e-856a-1e60675ee959,Epi
33b4ccc8-de51-4377-9c24-af7fd02e0ad5,Epi
3280eade-fae6-48d0-a93c-85baa4da16b1,Epi
e80cd0aa-0a18-4eea-8ddd-9d01eef40f1d,Epi
24b9953c-c1d2-46fb-b8ac-d006f04151cb,CD8_T
b17c4940-194e-4018-9ce0-1a7f30da0842,Epi
29b18302-cf60-4496-8081-965768d77fc6,Epi
158be708-bd80-482a-a78b-3270178d32e9,Epi
f2eadeda-f3f3-4f28-97f8-1ae37c472d25,Epi
55ff75d8-5481-43bf-a1e6-58fa9a959f5a,Epi
09eba63a-4fdb-4c00-9ab1-aaefc85d1257,Epi
6751e40e-591f-4d31-9bba-23802cf9a71e,Epi
3684ffe9-bac9-4c6a-8465-804739384b04,Epi
624ed215-c572-4dee-88ca-12a4678fe631,Epi
d4569e69-73e7-478d-9936-2a7e82c2b10f,Epi
6eefa682-75eb-4b26-948c-11453be14104,CD4_T
826ef996-0ad7-4663-bc6c-cb70171469a9,Epi
a9c140f5-9ade-406b-81d9-0432b860b1ac,Epi
e7b938e0-59ad-48c7-987f-25009f6cbec7,Myeloid
a4ef2957-f5cb-4d64-8145-96b2a4d1a5a4,Epi
938722d8-4a20-4b0f-82db-e30e2e1e7963,Epi
b8ea4fcd-f56c-4531-8943-54012efc8ca1,Epi
328678c5-9a3b-4790-84fa-52b67ce42edc,Epi
f35514f7-6dd4-4dc2-b06f-6f4f60e066bc,CD8_T
1c5b7314-503d-483c-a0ca-57ac57a2cdc1,Epi
e1ccede7-bff0-4748-9770-f8bde1bd028a,Treg
0fc43448-e14e-44b9-8870-f52b69e2c7fc,Epi
43818ee9-bf2e-4ec0-9ef9-e97ded93e196,Epi
e945bd53-f293-4c8b-9144-0e8d185d1840,CD4_T
e5086c2d-a95b-4ec0-8547-35c5518195ca,Epi
c525149c-b7b3-4ddf-b32c-cef64d3d173d,CD8_T
127334a9-f4f2-4880-8571-ac4e0853ee4f,CD8_T
85d3700a-2db9-4330-a29a-1777652f91f1,CD4_T
11a24038-ad40-4d3b-ad06-f9fdcdd2d3e4,CD8_T
a0ba679b-adca-4020-9193-2c743662c3a5,Epi
e6b546ff-e25e-466c-a347-eccd72cf9753,Epi
2c88fa0a-21fc-4479-bc03-8b721d761516,Epi
f341117a-e92c-4000-9b19-c1037d85ad7d,Epi
1a15da82-4191-41de-b6f1-0f88c4f66082,Epi
b368b6bb-3149-4d35-8575-bddd73594ccc,CD8_T
6e515c6e-6d08-4d47-89bb-05dc13147b0a,Epi
b8d9fe29-3ac5-415c-a07c-e6a39241ca27,CD8_T
87800bdf-b506-4867-8843-5e5ae519e314,Epi
6bb64d68-bc98-4c3c-bf7b-202a63ce9ab8,Epi
f609df9c-c12d-40d3-820e-b9678fdf1b4c,CD8_T
8866361b-a843-4cbf-8fc3-b7dd2a2fbd57,Epi
356dd3d0-a485-4dbd-87ee-69b31b42efad,CD8_T
722348fb-c648-4a62-aa93-d890fe7b6f2d,Epi
e45790e9-08c3-4863-9bdf-446af4dbae73,Myeloid
ecce9074-2022-4820-b45c-69f0de8e27e1,Epi
9fa16852-f22c-482e-862c-4631715baa34,Epi
c6c3d7b3-ba0c-4a07-b829-61e98c180b4d,CD8_T
08bfc261-9f99-4c6d-b7eb-5dcf6314e15e,CD8_T
2cfa68dd-6653-4e9e-b122-2e6bdc92dd9e,Myeloid
c65ef2b1-e7e4-45d5-9b50-8d7231e171a2,CD8_T
4b0ec77a-1d28-438e-b603-bf9057505ba9,Myeloid
fd3122dc-c8f3-41d7-8ed3-e528758cb067,Myeloid
c93b9caa-8d3e-4211-a06f-b6dd144f90bb,Epi
a2d5eddd-eb1f-41ef-abfa-f05c15f7afb1,CD8_T
9b4883cf-6f0f-440d-a9d4-223cac7b20cd,CD8_T
4f3f6856-e9ea-45c7-93d4-ea3b7bdadf5b,CD8_T
4e7895aa-270d-48d2-a64b-1fc012dfd9f0,CD8_T
cd249996-517c-43d2-bdf5-38bbdaa5ec82,Myeloid
028fd5bf-a98c-4590-84c2-7a8fb9b551c1,Epi
00d02b73-3a33-41d4-9635-2012ed231a25,CD8_T
a676afef-6592-487f-baef-dd7b5fd7ca62,CD8_T
87d11e94-ac89-40be-9024-99e9d542f2a6,CD8_T
ea1de1c1-d905-44a4-88f8-7a6bd0760697,CD8_T
6c084e4d-c3b2-4bd6-acaa-9c4ea59251a2,CD8_T
4b3eed78-dbdf-4afa-a345-b95476df0f91,CD8_T
5478f193-9881-42b9-9a63-8945fa18109b,Myeloid
26830cfa-e4f5-4a8e-a130-a7727496a020,Epi
67e85091-4d38-4f5c-9eff-4f9b3f123c35,Epi
0013944f-bb0b-48dc-afe3-ed2a155233d5,Epi
0255d8c4-bc7d-43fe-b1f8-759326c5e0d1,Epi
56f74afe-bc99-4508-83cf-6664eb27b5e4,Epi
ad87e16e-bdec-4235-9be5-b6ee092fc381,Epi
08d9b1ce-dfb0-493f-bb7c-7b567dd02a7a,Epi
6f4f31b1-8ed4-4143-a37a-227902b1d6de,Epi
8334fe2e-62d9-4736-898f-70869b2baf74,Epi
8b2954c4-8cd8-469b-8f2e-478eb84368fe,Epi
d668863f-c3fe-4de6-ade6-84f3fa27e1f6,Epi
f04e1a19-4627-4660-be52-3d90c22544b4,Epi
6f8912e5-2600-40ce-a9d7-515c584efd3f,Epi
b0a6601e-c976-4073-ac23-753617e01fdd,Epi
be09ca8c-f72e-4cdb-9619-9bc5cc7deb4a,Epi
fb3050cc-1196-4287-9560-0b2287e0c449,Epi
2727bfc3-28be-45d2-970b-a65c987483c6,Epi
3ebe1726-4597-4dac-9e1a-ec07bd90e789,Epi
4fa2deb8-8ec3-4be0-9d9a-8b15a1056c8f,Epi
dcafc758-208e-4fea-8a2c-35329546ceb7,Epi
799f164f-d487-43f7-8d32-1e3f67231f94,Epi
875fe1ac-b8d0-45f1-b567-167feb878b32,Epi
342c7038-9b53-4bba-90f7-af1e4a5f37ed,Epi
598e2347-7af3-4563-bb7e-c7b52ee9aaa9,Epi
6394543f-72d7-4fcf-83a6-f98e9a3d65f1,Epi
d4793950-676a-4cbd-ae90-a64e6546425f,Epi
d45bc4ba-59bc-4e00-84e8-e6ea51b1d048,Epi
898bf137-267c-439e-bc61-4a3fd256287d,Epi
3630d802-468d-437a-9aff-6a440fc7f922,Epi
54814ff3-9f2e-46a3-84ce-0961cd20110d,Epi
7ce697a3-8069-44fa-b854-b2e7b802a016,Epi
c97bce99-2df8-49c6-a5cb-d3478c936055,Epi
2bd7c788-ecbe-4569-9108-65799325980a,Epi
910b166f-72a1-42a6-b887-723b1f7247ca,Epi
a737f6fe-dd5b-4af8-bd4a-88b6e79bad89,Epi
5dd24256-b225-4500-ab5b-c6557a40930b,Epi
6ece5697-8003-4704-b986-eebc07923f3b,Epi
d9696b31-e94a-4b87-abbc-8ca61dfb51fb,Epi
eac148f3-2538-4323-b0df-4db43cecf976,Epi
5e98bdc8-985f-488b-a53f-0bd6b2ae49d0,Epi
ae91c6ae-9d86-4b66-9dd4-5901d579c68e,Epi
21ce5217-193b-4de2-a85b-6adff95ae6c7,Epi
6a3c6289-5401-42a1-97a1-7de652dca9d3,Epi
227ebeb3-e352-4e80-a1bf-10d81162baa1,Epi
74f55c7f-7158-4322-afdb-16469a0f4ab0,Epi
3c440397-c3c9-4742-9180-dc991a6d3eb0,Epi
7a842dc5-7be8-4074-9e7b-518bca184cb3,Epi
3a1e47ee-04b6-4f6f-9a51-b668b8e1fffe,Epi
29d32dab-8a28-4af2-811e-4aec075c0928,Epi
2bcbd4a4-b1fc-44e1-8833-92103847130d,Epi
695f6c52-d2a5-47c2-a88c-243cd7e91385,Epi
878113d2-fcc2-4a19-b691-11a5900798a1,Epi
7250de72-4611-4eae-b2ca-2b203aa2e08d,Epi
8a3c54f2-1f98-433a-abdc-747b3a1c8d74,Epi
339a4499-3e0a-4f49-a0c6-57301f24821b,Endothelia
46e60aee-489d-452c-8dda-6e2905603b3f,Epi
473108b6-ef33-4598-9507-8188fd2f5f05,Epi
96543771-11b9-4617-b338-a7e4608cc117,Epi
b2740600-419a-49ee-b72d-183a188b510c,Epi
d4fd4f6c-9a45-422e-b5c3-15ce1b3d9145,Epi
4023f90e-91d4-4970-80c2-584a0d11430e,Epi
d24c9e16-c95b-4d8c-be37-12e3a08d6061,Epi
15692e6d-6b2d-4721-97f0-6825009cd579,Epi
3f172af9-0e12-4da1-ae68-2c03ed696872,Epi
77b6fb0e-5828-42d7-9d32-9fda7e604113,Epi
eb20cc5a-b9b4-40d9-9554-bb753b048de4,Epi
5b8a99cb-0d6a-46fe-8569-f6d654f8da74,Epi
010c8479-dcfe-4628-bf70-fea512132df5,Epi
34cb445d-4751-4452-89fa-106aa552dd4b,Epi
1f9ee5e4-c78f-450c-8555-f50cabdba990,Epi
f9d6196a-abc7-4336-bb67-31f647e4a458,Epi
058d7954-b466-4969-852a-986c11ae7ab1,Epi
459fdda4-af04-4cba-b5a3-8a7583eed61b,Epi
ffdc3632-76ce-4809-a40d-ba46e4267430,Epi
d22bda84-d27e-4799-954f-49f0bc36c44e,Epi
7a961574-a62f-40cd-aa42-16cddc697648,Stroma
6ed4d341-2c87-4697-8207-c4bc8cab521e,Stroma
258e3665-f1d3-41da-b420-9f0cb4f586f2,Endothelia
b6953c76-127a-4579-81ee-59350cdb8bef,Stroma
db1b8bf2-373d-4333-b085-d3352a4ac516,Stroma
ed1b8aca-81df-428a-8c5d-576e7ccc8043,Stroma
7a9c3a4f-8a2b-4c29-8b08-aed3326caef9,Stroma
cf2f2111-b59d-4fdf-8736-9362953e48c7,Stroma
17ba6178-b346-4217-8bc7-afc66bdc1a13,Stroma
4a0d04b4-ee0e-4af2-b3a4-4ba6c446bdb0,Myeloid
49b0263a-d122-44f0-8b95-9efcc9713938,Stroma
f1c56057-6301-45aa-875c-b4d6ded48249,CD8_T
d36b5f2c-1e76-4208-9124-bb348bf43ea3,CD8_T
48456c4b-9790-4b09-b92a-b453a0768c5f,Stroma
86ca1181-dc65-4d48-90c8-c48ceb13f152,Stroma
792799ea-5f81-4b4c-843f-c168a5c13fb6,Endothelia
6ce86319-7a6b-42fd-89d9-f056f8c68e52,Endothelia
5deab09f-be62-4398-8202-c76e583884cc,Stroma
9d601a43-9fef-42fb-b0f2-8a97bce0c9a8,Stroma
84e7452e-d8a3-402b-9a7e-87e79dec1a0c,Stroma
b7e4296a-18d6-4f67-9960-9608f18fb2f6,Stroma
71094170-b43e-47a9-afc6-f129792c9ea6,Stroma
f0fb0bf3-588d-43da-ac0d-da5b55cc576d,Stroma
277a1ae0-8626-479b-aa4e-eda12d376b3f,CD8_T
6f7495c8-b862-4ee9-8fcf-7d7a84442481,Stroma
abef15f0-81aa-42d6-8666-a2532e5f99ac,Stroma
d8b37be3-b9a4-4d58-bfe1-148dbd7fcdb2,Stroma
1813df32-b876-4134-afce-cc00296371c4,CD8_T
20d6584b-1f45-4aa3-84c4-a52583a57816,Endothelia
33e3a8e1-b9ef-48f2-8595-af213bb1973f,Endothelia
e77670a9-93b6-47ea-891f-f41b9c81aede,Endothelia
0a91c97f-68d2-4dfd-b9a8-722258c28562,Stroma
a7fb8e53-d6d8-4e78-8bbd-b067452f8c20,Endothelia
6abfbe37-6083-491f-bb26-b2b4294700bb,Stroma
f26f540d-bda6-467e-832c-54ce0d764a87,Stroma
4a0d8277-5e2d-4a23-9576-f1203f15df13,CD8_T
9c7c3f7d-d4e8-4555-aaa6-07ec44b3944c,Stroma
067312d7-888c-417d-97f2-5d2fafaa5e05,CD8_T
4e0c5e39-40bd-41da-bab6-5de7b58fa625,Endothelia
f7018703-5629-4b6e-920c-0b4d3e7b31bb,Stroma
cc3998cf-b9bc-4d5c-9838-778cf888b55b,Stroma
d3a4c251-24f4-4344-b859-5b5b328dedaa,Stroma
5dc55adb-63c9-4faf-be4a-012ded272603,CD8_T
31b7e33a-2720-4302-9755-45d3cc4035cd,Stroma
7012b62b-e60d-43b5-bacb-8576e65ebe91,Stroma
51e059b2-976c-4071-993e-9041a15f47a8,Treg
d66a8e32-b21d-4718-94d0-48c0d63b2358,Stroma
15cee6f6-5ce8-4b60-b364-4e60891f65ad,Stroma
0ff1082c-294b-4003-9ead-7ae4d2d683a2,Endothelia
af0a66ce-a100-4f9a-b2d6-659c4f435a09,Stroma
d99d7263-302b-4d74-88f7-f77d99e6f3d1,CD8_T
77ad24da-a970-4002-abbb-5b9718f193ff,CD8_T
53c04ca6-e9a3-4134-a8ad-83387be39aa5,Endothelia
5b062505-2d47-4a6f-b675-480ae6575cb8,Endothelia
db2650e9-53d7-4441-97b8-b0d213fea9f8,Endothelia
efbb4ea8-2965-4aa4-8dd6-5961857fac2a,Endothelia
148e59b7-b7ac-4802-9d06-66ed39ded9c9,Endothelia
3d0cc62a-dc87-482a-956a-2ba67d8f013d,CD8_T
616fb130-0f02-4f47-b5d8-17796dadcb9e,Endothelia
2d4fe00b-530c-40ff-af07-b72a1e7e7a73,CD8_T
5ee6d5f9-82c1-4770-ba8c-fd6d06001299,Myeloid
998b3206-4cd7-413a-9963-dc163ff69996,CD8_T
9548cc78-662b-4613-9f54-aeadbb81d853,CD8_T
1988d2ee-7a8a-47c7-8970-782b562cc84f,CD8_T
f187cafd-5e51-4358-83cb-447793ddd1ec,CD8_T
e18b51af-e441-42d7-8180-4526606fabaa,Endothelia
80b4a181-d993-41b9-a4cd-ae57401d8305,CD8_T
0399f818-6d1d-4276-a26b-db5de302f333,CD4_T
63656058-8985-4dd8-b999-a62be3d38342,CD8_T
a508f66b-7a50-4c8d-80e1-5f37a3d64785,CD8_T
7378932e-ea9c-4b3a-b6b3-e6dbbc0ccc11,CD8_T
14d99455-03bb-450d-8cb3-5a7f28cd6c2e,CD8_T
df85ecb6-0172-40d0-a8b5-493fe41ecf12,Endothelia
5c0f4e1d-f312-46cc-b736-3c290dccf4fc,CD8_T
ffadad95-8007-4290-9601-f0959b36999b,CD8_T
bc0d1498-845c-4218-80eb-ed1bbaf8bf40,CD8_T
a9d0551b-c3a4-4691-8972-498e779a10d8,Endothelia
c86055d4-357a-4f98-9a0e-d983ad4f95f2,Endothelia
b47ab448-ff26-43f3-a293-0b45ff0cd88e,CD8_T
e613a5eb-5149-40f5-a3af-125c86108c28,Epi
5362eed7-27c4-42fb-9384-07f152b279e8,Epi
2f338912-8881-4afe-84c8-50482789ed85,Epi
eaebcd09-8360-4210-98d9-72eedb16b297,Epi
3274f220-ecd2-4935-b9b8-b581776e8df2,Epi
49308f75-d6ec-4876-b7c7-d764a250aadb,Epi
3deb0045-2ad9-4dcc-9461-52a372ee29ed,Epi
99dc178f-21b3-4154-800e-bb064dad28d8,Epi
0898ad4c-8a61-47f2-a59d-dca97ea3018e,Epi
f536ef1d-7d2c-40c9-a52d-1e224763fc31,Epi
7a2e3179-1cb6-41e6-a351-4b7308991340,Epi
7c4dedd3-6353-461b-91d5-327cb0cf621e,Epi
b00e22fe-04cf-4838-a0bf-ba79c70ff720,Epi
56853830-42ea-4aca-bc8e-34af15f0ea63,Epi
0fbd8fe3-24b4-46fa-a5a2-3c76ed7fc83c,Epi
b807b09b-9fd5-43ca-85f4-dc206723a67c,Epi
41b20517-c215-4f47-b201-ddcfa248d086,Epi
cc38cfab-4136-494f-af0f-c0d231aa33aa,Epi
a2e1abdf-4ec1-4d79-9bca-fba25ec8a335,Epi
635891b2-0efc-406c-8a5b-f3be8efc4fc3,Epi
c7ca0e31-cc49-408f-899a-969c380beda3,Epi
ca2fc218-fcee-409f-8b5c-4109e301f49c,Epi
b2c2cc72-04b2-48d8-9943-e54e397bee4a,Epi
8b6afe4b-b608-4a34-b668-ae2ae2fb0530,Epi
ea2135eb-6b46-483f-8a4f-ac9c2ef2b639,Epi
8056f9d9-b040-4bb2-b617-aa21fc6d3ce3,Epi
df6a2db8-e690-4f03-8e11-d95829e717d8,Epi
f92c89c0-ddcc-4eb9-8a41-088197a3b2fd,Epi
1557d94f-17da-44a5-b79d-ba36e6a99d41,Epi
d6c12256-a9e5-41b9-b8fc-52ceb7e773b3,Epi
59ab6e66-cd97-4187-baf7-89678fda27fd,Epi
5d2f2b97-47d2-4fcc-905f-4382135d6298,Epi
3a3a2fb6-7204-4598-830d-7395261a5e37,Epi
a9d8d81b-d3b2-4422-8349-38ac08e6fd28,Epi
8bcee0d9-5401-4572-8138-39326407033e,Epi
6ba2d12b-e35a-451e-96d3-49528b995480,Epi
34506a57-cf05-49e3-8065-ee8100b851fa,Epi
a71486b8-e5a0-4572-aaad-3e46a2a56d12,Epi
b8e5e001-770b-4b12-8087-8024dbb3b311,Epi
cbc78e69-a65b-436c-bfa1-bc63688ab4f6,Epi
40aceeb7-1fe6-4605-9e55-154512477de7,Epi
c0a632ee-25fb-453e-890e-37bbd337697d,Epi
c15a7fbb-bd61-41f4-b8f7-cbad8adc9664,Epi
00264d80-aba7-4573-99b1-42d2a8988ed9,Epi
dcb465e8-5d00-40f2-8bc7-7759776d98a5,Epi
e6e971d8-bdf1-4b67-99cf-79656b070125,Epi
cbfd6d18-7e23-4bd2-89da-16c965c73e66,Epi
d07fe2b2-ccc2-43b4-b256-f5566be653fc,Epi
d1b61b1d-2130-426f-9d94-4e2f9c876402,Epi
c3b56ed4-6739-40bf-8bba-ca4c2da662a0,Epi
9243469f-6652-4be2-8cf1-331088175be4,Epi
4a1b9af1-8920-4b31-a0f1-6946d7448611,Epi
3d4cfda0-e140-433b-825e-256a6b77ce9e,Epi
214568e2-5a8d-4964-81ad-7099aaad2ac0,Epi
2de60f52-76e9-447c-b9aa-b24dbdf04480,Epi
fcdb1582-3361-4f1c-8116-d185659575d6,Epi
6cfa5776-877b-4693-a374-6829782aca17,Epi
ff398dc0-98ac-4a23-99f6-c6540f12467d,Epi
6206f14c-8f4e-4402-af84-d6300066123c,Epi
93396130-fe3a-4ab6-ae98-89b6304cd49d,Epi
b1ae7809-29d5-4298-91d8-47b8f474ca00,Epi
5ece3d59-32cb-4db8-866d-b6b740d5dc15,Epi
d5a6a585-42e2-4719-8fd5-759be609f5c5,Epi
9ce8a14a-d721-4042-81d0-19d28dadecc9,Epi
a81b6d50-1f3e-426a-ae39-9286f5896df9,Epi
3cb830be-51e1-4bd6-a0d1-57fd9897af71,Epi
5d044a7d-bbaa-496c-93e4-bc0c5a3a5498,Epi
f09b1018-3fe4-4f4c-9d30-10481a422716,Epi
3b29575f-3160-4fd5-b32d-7ba7578ad205,Epi
a0934af4-1739-4f90-81c8-e3f38bada562,Epi
361a31d9-47da-4e9d-99e1-48b280f97b63,Epi
7acad16c-0a78-4903-9939-a8ce7d372a58,Epi
18c64a56-4bec-4533-afc9-c0f6f6a9c79a,Epi
a7dae5d1-3f80-4d1c-a442-5622dfe0a988,Epi
dcff96fa-cc3b-443d-94d6-4ccaa048b6c8,Epi
249a80ec-a6ad-44cb-a8a6-c49c2763010d,Epi
8db7d1e0-d7d2-454b-a5d5-90689e5670bf,Epi
389a05d2-a6a2-4426-b2bb-29e6f4476781,Epi
3542aff7-6c91-4334-a489-03e2dd3f44a5,Epi
2a2659e9-61de-40ce-86dc-ddde87ba16db,Epi
e636a3d7-73b6-4edf-9537-44b59e5faf75,Epi
9ce08273-da9f-4ed6-b3b5-e94a0bf9bb7d,Epi
13568ac2-eb8f-4d23-b998-74578517b588,Epi
18a627f8-e392-4bfb-b5ec-6facbbd7aeba,Epi
9ed8a8a1-368a-450b-a013-196a3443a489,Epi
22bf4c70-5eb7-4f12-8bc6-831a9f078216,Epi
2f94e582-43ad-4250-9d16-ab1ed3ba019c,CD8_T
624ed61d-7ec5-48c3-886c-1d2166dd428a,CD8_T
0154cef2-4fcb-4ff8-9a07-0241ce65819c,CD8_T
0707699c-14a6-4210-bbef-5c116c631bad,CD8_T
847deedc-f46f-4d76-99f5-4bb15cdf42cb,CD8_T
992087a5-5a59-48e1-87de-1e241504f565,CD8_T
0d1ffa70-b035-4eb5-994e-55c1d7f9b204,CD8_T
33445e08-5a5f-4116-8e24-f639538c29b7,CD8_T
1628ab3b-1007-4d77-b669-7c717eaf83e5,CD8_T
0c9c991c-e9fe-4c82-a964-b95d8ac7b8f7,CD8_T
73cd0004-6c91-4ed6-9367-c95462a7725e,CD8_T
6c330de2-1e5f-4f24-a75a-6a7f3fbb8668,CD8_T
56658ead-6dff-4314-94a3-91c0efbd6b0f,CD8_T
cc6453fc-37d4-4114-8da6-1bf4f21f40d3,CD8_T
768afbdf-fb74-41bd-8712-9f2459793417,CD8_T
cad38932-22a3-486b-91b9-9d85157a7b8d,CD8_T
cd3aa424-463c-44bc-b0cd-f00eadad77d9,CD8_T
4dc9d49b-ddc7-469e-8f53-13b4670b3a0a,CD8_T
fe81259d-ea77-4d30-bb24-310a31533caa,CD8_T
1d1055b9-fb0e-4e97-8f2e-f5cb9b23e1d8,CD8_T
585bce75-bbbb-4cc8-a1b5-0485c6e09ca9,CD8_T
a6745c05-c24a-43c1-8ab1-305dcf65ec99,CD8_T
e3202159-3b6d-40af-b5eb-a9326e52d81b,CD8_T
776640a9-fdcb-4f4c-84db-91ac387cae82,CD8_T
0a9618ed-8da8-41e4-91af-6a11ffc8cf35,CD8_T
c3605886-2bfd-4b78-b9c6-f1f3b51b74c0,CD8_T
e1317335-a4a0-4669-88e3-b4d42e0cd60f,CD8_T
4e0919d2-c610-484b-8cf0-a6de168e8bc1,CD8_T
40a38b2c-9782-4104-83f5-45e676e95f7b,CD8_T
22677bbf-64e5-48c6-9736-8a847f7a8c06,CD8_T
af4b0c77-bcb1-4316-b306-28307d0a02a4,CD8_T
c200d333-023d-423d-9905-bd114cbfa2aa,CD8_T
68b62bb3-ca45-4e2b-a0db-f822ea32008c,CD8_T
e3aa7eff-ad1a-44f0-ad90-ebdd5ea498a7,CD8_T
36ffe663-89f4-4864-9d67-bbbd18ad82e5,CD8_T
52eee1b8-fe28-4e90-ac5a-77e8aaa5f0c8,CD8_T
972df369-ec39-42a2-9bef-675d60a90595,CD8_T
3040cb64-0b4c-4f6b-86cb-9a41aaf33bc4,CD8_T
5c22e3c6-626b-495e-bbfd-68ac2a0a327d,CD8_T
aac1c396-030e-4abc-8dbb-d6d14ee6d7f3,CD8_T
f14c208d-b62f-4e70-b9e9-f745765d2ede,CD8_T
04ddb523-e713-49ae-a86d-8a526161dbc3,CD8_T
36593e03-efc6-4beb-9a4d-564907924abb,CD8_T
2fde763c-9900-4120-a1ce-bbc979207b2c,CD8_T
588a9a95-3d31-4910-b2c9-ece3835ac045,CD8_T
e09d9d7c-e5fe-4401-8a30-bed28e746ce2,CD8_T
91af5553-de27-4781-9d77-0ac956a03a93,CD8_T
7c510790-e6b3-43c8-9149-0e7cf869ea3b,CD8_T
b777bad2-c90e-4055-afbb-daf18df9eacf,CD8_T
3d7b9d2e-3321-4a86-9281-9412200a7fac,CD8_T
50f2293a-7b9f-4f48-85a2-9ab793183eb3,CD8_T
d464b0b8-2f2a-4ae8-bcac-db3008f652ba,CD8_T
8ef63ec2-060b-4745-98af-ac1edca82333,CD8_T
51dfed20-1409-4553-a943-8f91658484fd,CD8_T
52784425-4c08-41d6-ad10-efd261a920c8,CD8_T
61d11589-63f4-4286-9ac4-937fd4c08d8d,CD8_T
67c70ecf-cba6-4ad6-a524-2b1872371b8a,CD8_T
32427559-56b3-40c0-905d-453edb99506a,CD8_T
5a850872-ceb3-4ea9-ab34-c407a40261eb,CD8_T
16f20ddf-5cba-4ae5-b149-3ae8875621b9,CD8_T
ed160b10-7d73-49f6-8c01-fe0a2b338bdb,CD8_T
4fa2f877-9015-4472-87ec-754cc23b4a87,CD8_T
2ff016f8-ef4e-4a3a-b8b6-1cfe1bd6049a,CD8_T
a539a186-7260-4ce4-8dee-6212cbe96494,CD8_T
ee890f56-773b-4999-b0de-6c083b4bc005,CD8_T
d57a0ff5-85b4-4a99-bed7-91eefc120e90,CD8_T
ef3eab31-4248-4694-a31a-b8d6fc4826b3,CD8_T
70c1c5e0-ee69-4b9b-a936-f99246e16508,CD8_T
7beea509-708a-4917-a6a6-2b2387579da9,CD8_T
ac773de6-3e7a-426b-9bfa-800c3a1377e4,Epi
59736fc1-dffa-4060-9773-22fdaa8f2713,Epi
06a43875-c3b7-4d6a-bfea-61fb72c3cbef,Epi
3359f306-3363-4308-b8ed-36eb7f2b8d68,Epi
106c8b98-1fff-4132-bcad-812402ef75a9,Epi
0ac343c4-e1e4-43f2-b1c2-fa2eb73633c2,Epi
00b433b1-7b20-4072-8499-c4641f83bb33,Epi
3eb071b7-8f94-4b06-8865-b7314e6df49a,Epi
1f9eb569-989e-4821-a748-ca71aca6795c,Epi
7bdffd7a-23ff-4d47-9ee8-41d28e296124,Epi
9bf06d11-94e3-4eca-bb51-43ca1bd21209,Epi
8a483862-8214-4500-9bf3-1c20c977813e,Epi
e5a860fd-b349-4fb7-b179-f11052f058a6,Epi
927cdf57-2831-472f-b39d-78b524b6939c,Epi
ca5e8468-bd23-469b-8378-993b53a7de55,Epi
9588764e-9de5-458f-8d9e-2f875cc27b30,Epi
3d040827-9534-4b6f-9fd9-74371b28e916,Epi
4eebe163-102f-4a8c-ac42-3390310d4282,Epi
28bf94ff-5b88-424a-80e1-c2c7399bde32,Epi
1ec79de5-26f5-40a0-9235-a92a222a6f10,Epi
0a4549c7-44ef-43a7-933f-122c76d5a72c,Epi
8d152163-02f6-4b51-beb7-b68205ec250c,Epi
023e484f-4580-45bc-8de7-d599dd384d97,Epi
3376af68-54fc-4b43-a949-7f7894b03e9b,Epi
78c06efc-253b-499b-b6d3-57880d3c6f36,Epi
93c6c75c-eb42-48f0-a0d1-917d87d2cd72,Epi
ca91ac5b-6997-449c-b8d4-3481d958267f,Epi
4bdb153a-973d-4994-8dda-30f61c864f70,Epi
18850452-2142-46cf-b141-48d81b375aad,Epi
cabf7370-97b3-431f-ad6a-178506f9081c,Epi
d8093741-a471-49e2-b01e-2e2e4846f077,Epi
74a6bd53-fd83-445c-964f-1b2cb9a37a2e,Epi
c7689823-abb5-4c48-9997-cc02c15abcf5,Epi
08d6c30e-2529-4b8b-ae35-1327f685a88c,Epi
5e0f3506-e6a0-478c-b2ac-c1c465e7af70,Epi
555dff17-5777-4f20-a8b5-2542ff9672f3,Epi
1f9aacb5-13a6-47dd-bfe5-053ebe24afc6,Epi
1e49c6b1-0d3c-43bd-9dee-396780c348a4,Epi
f98fd6e3-f3ef-47c0-a748-969915430152,Epi
ff3b4507-c42f-4abd-91bd-ccd3dc6c7e7b,Epi
d9959b9d-78d3-4f11-9970-1595f6e50a33,Epi
559c34a3-0478-4f4a-a66b-255158c78364,Epi
b018fdce-e960-48b4-80a2-1cbde1ccbf55,Epi
a2087747-80c0-494e-9c8a-976720d8e264,Epi
fe678fca-c966-4438-8d3e-d59acfe95d65,Epi
ce550d2a-a5bf-41ab-9f94-6d7a2bbe4947,Epi
d1796005-8e35-46eb-828f-1e44ea111423,Epi
55e9a5f4-d258-4431-91ac-16b74403c4bf,Epi
e8548278-7de2-4739-892c-cfaebb44fb94,Epi
4f10e8af-2091-4615-9c88-7dd8711498cb,Epi
e55b0481-2a9b-4616-8ac3-d60185a3ae1e,Epi
79f07841-cd85-4969-9590-b23d4e7c85f0,Epi
1ab06594-f4b2-4af7-ba17-28f18febbe15,Epi
8bc0d53e-2262-4fe3-9790-be461044b56e,Epi
dfe45e8c-364a-4a2c-97e7-be4d86fd0ab5,Epi
7c62ed6e-1093-46de-b10d-a7e752ee2f03,Epi
faedabba-caba-4093-a7da-bbb9ef9d871b,Epi
2cc10ea7-977b-4eb7-bd80-d828a0313d6d,Epi
60266cbc-4e39-479b-b8b9-a5495879b123,Epi
8305ea33-a380-482b-86b7-c5a745c2ac51,Epi
93a987b6-cfb1-436e-b102-0af1aa430227,Epi
29bfd1f3-844e-4389-ad18-d830eeddc02b,Epi
e167fd66-a7d2-4ca0-bb6b-dc7746ff2cb5,Epi
a4432d3b-a276-42d8-acd1-a63237914a79,Epi
c9413452-3d20-4eb3-84c5-abbf8f8671b0,Endothelia
d4717e9b-b646-477f-8838-15c236774a9c,Epi
f2e68882-e7cd-437f-b0f0-a1521a7a5f24,Epi
ec4ef56c-0860-45c2-8618-c296782fbaeb,Epi
6c9326e2-7957-44a7-954f-87da4950e450,Epi
c81a6c5f-c392-4ce5-8f81-ff5b641cbe9f,Epi
d8c4a8ed-7519-493c-873a-8e61f189dd0f,Epi
29317448-2fbf-4095-a62d-a004648e0c80,Epi
e2cdbd55-df40-4ca7-ba7a-c605fdb6f499,Epi
2dfe51e1-813a-45fa-912f-1a114d2760cd,Epi
fb7a8bec-e048-4cd2-86d0-e58c90e28178,Epi
01a3cdf3-ad11-4dff-9185-55e513e39d17,Epi
8473bf50-cbdb-4acf-b090-de9333ed71bc,Epi
17133d82-b386-4a96-97a5-31dbf04c0435,Epi
789b8af6-7c97-42e2-953f-530480ed3050,Epi
8d02e6f8-bbef-4898-9216-cbca96b15c4c,Epi
6aec3e29-8283-41b1-8e31-444e831c416d,Epi
d6d92e4c-5ef7-47e9-abc6-c82b4d644e0a,Epi
690fc5e9-1cb8-4dc0-90e4-db30a8b8d1f3,Epi
4faef7d9-8001-40ce-b845-3334405ae090,Epi
ec7a146c-0ab6-46b4-b2ad-5cfa6fb413c0,Epi
65b9d1f2-c539-423f-9c03-befe649b020c,Epi
d16e9199-8c84-4123-a7b6-44f66bd5eb71,Epi
79b29f05-bbde-4aa4-8bec-6e332bc1abeb,Epi
d441ceeb-2ae9-43a5-a94e-4696e78dc157,Epi
66ece30f-7687-48f9-bcc2-be59f2cf44d3,Epi
9ba1d310-3531-4b72-878c-8021ee84eeab,Epi
4a3df70c-3a2e-41af-9618-c12fef63b77a,Epi
ce127f44-ba75-4fc5-a3c6-8498cf7df935,Epi
c6306fc1-d8a1-4371-a51e-89bcf1a63670,Epi
692c17ba-4fc4-44f4-b7c5-c3847df897dc,Epi
70719fa3-d3dd-4e65-abf4-1bccada32651,Epi
354fceac-f636-41f6-b981-e9e53bd4d5a4,Epi
a036ad89-b0fa-4da0-a81e-8799f7e74505,Epi
442f8c65-9b46-42da-86e6-46a36580e469,Epi
6f4b3b8a-2d3e-46ae-b192-4a06dc4451f6,Epi
f0a0d9b3-7e60-4ae6-8997-8105e9c186e4,Myeloid
27c4aa9c-6911-47e9-a0e8-b68d33d36371,Epi
149926ab-f78b-4dc0-a357-8d2ddd1e87b8,Epi
e6eea9f7-27f8-4158-a40a-a3fde64bbf18,Epi
93823763-4163-492f-a15c-b036a67273fc,Epi
69f7daa4-19d4-4a2d-b346-c70c10dfb238,Epi
cf6d11e5-d1c9-4bb1-9d50-06e00407ee2a,Epi
a852fa32-6d25-4021-a515-4ff65b218b42,Myeloid
852adcd2-09a4-4da2-bff1-1730eea99af7,Epi
003c9e9d-3df8-4d27-9baa-85db02372933,Epi
c33b6aca-f657-4a97-b0e8-4f493a828100,Epi
43dad888-13ed-4095-b246-cdbfae3c2c48,Epi
372eb156-66ac-4507-88a5-be26fbc6514c,Epi
4e2c9fb4-9319-43cb-ba65-d27c3f6f7caf,Epi
71f442b6-f6ed-43b7-86d9-a529ae7c6247,Epi
9c2f2c55-81cd-42d1-b378-511ad799532c,Epi
aa5c9762-940b-44df-9512-e536b79bdff8,Epi
b5975f6e-4cb1-4c9d-8cc0-2fb515ae15f8,Epi
1e0f8897-3a67-4e34-945d-d4a99b882446,Epi
63984ba6-cd2b-4c6d-9375-718a02ee45dc,Epi
89412d97-a686-440f-b5ed-4c37ed0288c5,Epi
42529872-e793-4457-bef9-a020dfdc9005,Epi
bcf906c3-0f9f-4a80-b988-346294bc1c5b,Epi
e3ad1f7c-e22f-4452-9c5d-954515a5b7d9,Epi
c4881bd2-45d5-49b5-837a-8f930c38633c,Epi
ab9135b5-1fa9-44ce-a8eb-6ec44f4dc70b,Epi
34c31b01-aff9-4532-9e16-5cd0815b07c9,Epi
60971385-fcc7-4198-b69c-d1dc32a1e60c,Epi
ea2f8d49-0e24-4ea1-85a6-b99399c4e482,Epi
1e4a2142-6243-4c64-9cc5-8fa08ef7fde8,Epi
180183bc-f024-4cf6-98f9-f91638470127,Epi
a56e481d-6cf5-4e9e-b20f-21702e01873b,Epi
8698f2c1-2e23-4ed2-b039-ee1cf542e4f3,Epi
b27df527-a293-4104-8ec9-2816e1795c54,Epi
5b575d60-5a90-4729-a84b-f7bca9f986e1,Epi
9d34c748-8aaa-4bbe-9f27-3b13ad7f03be,Epi
e7f2470f-cb7f-4983-a7a1-2fb5a99ba423,Epi
a6df31d2-71c4-43b5-9df0-1248cec3bd33,Epi
839dec76-bdd6-45c9-904e-6bdead164845,Epi
65c672e6-a364-4196-908c-e791667e1423,Epi
6a007169-1e53-498c-aee8-07087613f538,Epi
41259864-90b4-41de-a9f6-eb3b2d5a5781,Epi
d5682332-ec26-49bf-b775-b8bb74f263cc,Epi
ecddc3e6-3f4c-4183-b762-c37d787e0b88,Epi
8db70ee3-e36e-4cfb-8f00-df7d2f057ea3,Epi
9d8908c9-47a9-466c-8b85-1bb1dba1aa7e,Epi
8779835e-0c81-4fd9-80b9-f2eae2914e15,Epi
8a47ad1a-20e5-4bd9-8707-132f0d8e3002,Epi
186d59c9-c08a-4a55-a781-d6e964be582d,Epi
c744cefe-3e52-443a-94cb-3c02bf7b04ae,Epi
da1d587b-520a-47c4-aff0-45e047ce113b,Epi
345534b0-34c4-4925-b875-1c5e6bf21fd5,Epi
d742d507-4471-4e9d-bd11-a67b005f4cf1,Epi
94a9ed19-327e-4b6c-9d07-b4301ae229dc,Epi
0a789b7c-6db5-46d2-9ca5-ebb84194d964,Epi
157a97ca-a4ce-4955-a06d-ee146e72c9e2,Epi
7bf2a564-42cb-45e3-bf69-92de4b842354,Epi
d9477a6e-4d55-4d50-805d-db76976efafb,Epi
f328817e-80d0-41b5-944c-cb4912e2e5fb,Epi
286f942e-1a80-4dbc-9a1e-f9fbb344c159,Epi
bc725d95-8b55-4ebd-a538-36d6e425dd85,Epi
4eccb00a-6bb7-4eab-8490-cc46bd1b2e35,Epi
7c1a717f-b001-4b79-ae55-3810da6bf241,Epi
77456b67-1e7d-4b29-a96e-50678ff4404c,Epi
8ae3a723-df9c-4e2d-bccd-f663670c9970,Epi
f5410451-8921-4cae-addb-a4ff603b9bfe,Epi
dc86eee6-c149-4561-bfd2-1af5b4b5faa5,Epi
5261337b-a433-43ef-9665-acf4e51e53a7,Epi
a5792d2e-6e3e-4f56-a19e-5b69d71e28ba,Epi
151599bf-e8ce-464f-bd09-f696da190589,Epi
ccb8706a-3ba5-40de-8e7e-b062cc105923,Epi
132d903c-24a8-46c3-911b-0bc6ee2b4453,Myeloid
7f09969b-684e-4756-882a-a4d54f9ff4f2,CD8_T
9ce406e7-9166-4140-8b7e-f3baeb6fa174,Myeloid
af52f3f0-285e-43c7-b5f1-0fe5edcb279a,CD4_T
857c5499-56c2-4d7c-b779-4b5e03ada930,Myeloid
1efe2e1d-174e-4ea9-882c-9a229f3c2ebd,Myeloid
55692263-7561-4e9b-baf8-40b5fa79bb65,Myeloid
71fd0df6-cfd8-42fc-8cce-26f73368ac97,CD4_T
556375f0-7305-41a2-a2db-82b3a7557560,CD8_T
394ac065-d533-488b-a3b0-6de77bbf1d8f,Myeloid
9efa1ab2-cf1c-48a7-a0cd-003151cfec39,CD8_T
2b37d83d-8982-45b8-9030-a27367c7329e,Myeloid
6a4003db-fcc4-40d7-8090-9c8a691e3cb7,CD8_T
62010f1e-6e8e-4362-8777-d7a22982dd70,CD8_T
534f1653-e407-42e8-afda-02183b922757,Myeloid
02453e7a-203a-496d-8fb7-f5ad5f0bbc08,Myeloid
be799e2f-07a3-4050-b2a2-1b74a7a6ae68,Myeloid
b607e7b5-7351-4d70-960d-14734b18f859,Myeloid
5653f658-5856-4b41-a6c0-489fc759e0f1,CD8_T
1351bb09-5977-417f-8fdb-84ac72f71723,Treg
1dc6aeb1-c41e-4285-a29b-4e53d3b2d601,Myeloid
970fbaf2-4ce2-4130-be82-c499c54100d4,Myeloid
83ddc13c-fd63-4344-a012-3d0416dee9bc,Myeloid
4d59fda9-76ba-43db-86c8-bf6270a20236,Myeloid
488b2042-086b-43e0-af78-078d50711cfa,Myeloid
6a4500e2-ed04-4575-a2de-8fbfa4fc0f05,CD8_T
51b4ea12-7064-4dab-ab56-71a5a0f55f36,Myeloid
05f3931a-2e8a-448d-a114-f32ae2fad2a0,CD8_T
449aef35-4dab-4c1d-8c0a-f9e7041ca816,Myeloid
687f416c-73d5-463d-8c02-f5afadc25739,Myeloid
f16d0cfb-1606-4dac-9674-2c696a5a50cb,Myeloid
88df4a9e-36e8-4b1b-a6a4-8d93cc6a79ee,Myeloid
9a80c601-3e2e-485e-86c7-0ed532155c20,Myeloid
4f4db19e-d175-4d6e-b82a-9882b55b480a,CD8_T
4238b6dc-6c2b-4c65-a1aa-6f1639b4edc1,Epi
c5fc1e33-6f3f-4855-a6ca-68da2e375bb7,Epi
e53a5e67-0fad-4122-9c49-bb7744ca6be7,Epi
cf0c1512-9fb0-4700-bc5c-3710c1f0bf2e,Epi
007bea43-10dd-4aa3-a255-6f69e19cc33d,Epi
20ddd513-9753-4779-b502-88b3d2edb139,Epi
1880cc09-68a2-4d87-a465-f735fec90ceb,Epi
28205dc8-9c70-4c51-a134-d11c949cc033,Epi
e16f6600-b7e1-47bb-9dbd-302dda540691,Epi
afc95007-8660-48ed-a6a7-5a3f97a85ba8,Epi
43b24ad8-0a49-4be0-8c13-f39b8ac77190,Epi
1b48d35a-a27d-4ed0-9f8f-4581b8000fb3,Epi
4d5eb71f-80ba-4f57-9c3a-58897043cab4,Epi
4c771124-8b0e-4c07-8236-266ab899731f,Epi
c1e40022-1f12-4cfe-92ca-5c1c623383b5,Epi
86af0078-c409-43ba-bb02-20f2b471b2de,Epi
89b86848-2dc9-4696-a478-08a2649f0093,Epi
21c47f9b-a128-451a-b97e-41d4a3539348,Epi
445a287f-cb9b-4813-a0c8-d074fa788dd9,Epi
cccfbcfa-2ac1-4af7-a752-8ada69d5ec05,Epi
78c599d3-f218-4d1b-bc0b-772059b16cc5,Epi
b2b7f761-51cf-4d2b-8f01-95dfc740cb47,Epi
f4f4a1e8-7d46-43ad-b923-beb4bf808031,Epi
c6db08f6-c4e5-4382-9a6a-958a83ede2ff,Epi
c2fddd54-35d3-429c-beb6-7a1d1035843d,Epi
65decf7e-5988-4845-8aa5-c5812407ada8,Epi
36726f1e-5310-4b8a-9516-0cbb2ce9602f,Epi
5fbc651d-2560-47c0-ba66-470a8da4a5cd,Epi
894c9919-5318-4e28-abdd-cda44a76a187,Epi
096ec0ed-4eaa-4cb5-a27c-4dbf7191f548,Epi
01e2f86e-7484-498e-9916-f9518f14b1ac,Epi
9c1f7c06-21b7-4468-b7d0-b1b87914489c,Epi
10b14ca2-7697-4707-8905-b722bed57299,Epi
df1833a7-c967-4ff1-86c1-c473ef719234,Epi
4dfc63bb-52d4-4246-a3da-35b4556f7d00,Epi
b3726f3f-1dc8-4f33-a3fb-1adef5a818cb,Epi
cd60631c-7fe4-43f0-a0f3-b9a23d130ab2,Epi
104c9969-1ac7-438f-aa47-c4debeed995a,Epi
b9438a8f-41f6-451c-9774-a25e7a7cca61,Epi
e129b2cc-ef54-48e6-bc5b-95ef8f693e6b,Epi
d6966002-0c6e-4e91-ae7d-839f73feab67,Epi
96d14192-b798-45d3-aef3-6541edd40466,Epi
3dbf9b89-cf0a-42c2-abb4-ab3811a8e9c8,Epi
a9da7cbf-b642-4595-ac5f-ef535074487d,Epi
37b8642e-a84f-4854-bf0e-1e7035ad58b0,Epi
3cafddac-54bd-4393-ad7f-38355fbb6673,Epi
749437af-3e5d-4765-b666-66442389b65c,Epi
ac19d237-6e25-42e7-b19c-62cc38979590,Epi
a9ac81fb-78d5-4476-a232-d89e6adeae6d,Epi
8eb358e4-598f-4ef2-ba43-61bcb16843d9,Epi
dbc64082-1a7f-4862-8e60-70dad3671489,Epi
0ae9a848-d309-49a8-838c-d6da1ab55f1f,Epi
d78827f5-5385-4d3c-a7c6-75da0eebe5de,Epi
11078b65-71a0-45e8-b137-7f47b45c6698,Epi
8bf30478-a602-436a-b153-88bfa60c0a00,Epi
44844212-fa8f-4530-8484-52b9459c6958,Epi
c7127e4d-3500-4cc1-b93e-c136d7aebd7b,Epi
07388cb6-9cd1-457f-930a-941e608b754e,Epi
41755fd9-7b9a-4f30-ac03-e9957e98b348,Epi
7c136aa9-dddd-4596-a7c1-ca770ca04ba4,Epi
63b74770-7935-4f04-b419-dc1cbd77f683,Epi
3caae9df-5294-4d18-b969-c66fae8d7d20,Epi
6f5846d0-4d9c-49db-9c52-2936cf5e0a60,Epi
edfc1fd4-76de-4959-97a4-f8cfd4e02781,Epi
2a016298-0204-4d22-8e9b-b0c0c5954b5b,Epi
601222da-ec34-4a91-83a7-54a9192f97d0,Epi
88122d01-679e-4614-b95a-b5704eb1a6f9,Epi
137fb2e7-83f6-4349-a661-db5bb8d9da8a,Epi
12f1a5f1-1e8d-450e-9ee0-85fd980dbfc3,Epi
191421a2-51ad-4df5-9e5e-c22b84a631d8,Epi
f55d46fe-0697-4c94-a7ef-937b1f9761d9,Epi
3034dcf4-4fd5-496d-b076-19729dbb4936,CD8_T
8dde6979-208d-4504-b94c-38d8daafdea9,CD8_T
29c8c548-f793-48ce-9cbe-5ef1d9aafc53,CD8_T
291c1292-dca7-421f-b5f9-9ac9d7f91890,CD8_T
223f23a0-2868-4c8c-85b9-64eac3fe7441,CD8_T
045939e3-c429-4949-8a5b-a40a8dca30ff,CD8_T
0e367891-c358-4ac2-a968-e7143ae2d94f,CD8_T
4e9f1e5d-f78c-4f0e-be0e-22f749e545e2,CD8_T
5ac2d98d-f26b-49ee-bb7d-0a7c3781dd9f,CD8_T
47782dbb-5849-47b2-bb23-8e65f9c574be,CD8_T
e28a0915-a7b9-41cf-8ad2-d3c675ea31d0,CD8_T
547b7933-6af2-4265-9616-a489e3f911f1,CD8_T
e9fe8e7c-6269-438a-9432-0bd805df3588,CD8_T
ba067f98-44ef-467a-8141-9c317a270406,CD8_T
ac2177d6-15a8-442d-94ff-0f67d6f55271,CD8_T
5a7a9582-b507-4d3f-95fd-381304ad3593,CD8_T
e3bb5df1-8e86-4c0b-9626-643357fc3660,CD8_T
c4328b18-7195-46d6-9778-b9fb518c04e0,CD8_T
69b1f127-ff11-451e-8fa5-0c9f3c9da345,Treg
faeea3e6-a7db-4388-a0ef-d9914e3cecb2,CD8_T
956cbf15-e3e4-4e90-8696-33e3cca9ed8f,CD8_T
c1742ec3-9272-4bd2-8a74-cc8e4e18c92f,CD8_T
f9026b87-6631-45a8-b31f-bfea322035d3,CD8_T
00b3998e-4cfe-4cf8-8213-7a3953091ca8,Treg
72c6b659-a86f-4b2e-a8d1-c299eff903b8,Myeloid
e906ba81-90cb-4f3b-a0c6-748fef994bd8,Myeloid
424b381c-f9df-435b-80af-6eb6886f32c5,Myeloid
dbbd0d04-a25f-48fe-b353-d42b856d3fbf,Treg
92ff3cf0-24c6-49e3-879e-b23190f63da4,Treg
3dc8cfcb-eea3-47c7-86f8-0027fda9a93d,Treg
b03afb27-6950-4a6a-8426-fb28d6819288,CD8_T
9bd65d8c-bdcc-445b-8473-be409ab31b7b,CD8_T
f5fb4e1a-0212-4ae0-bcab-2915f7b886c6,Treg
b9ed04a9-4c86-4c02-9b7b-bad9bc346ecf,Myeloid
ff9de802-6ed5-4f16-a066-8f839f9f85de,CD4_T
2eef4bb8-54b4-4bb4-b156-c7dae11a646c,Bcell
2f971b95-a02c-4bc1-beda-bb4c69fc89de,Bcell
36827614-80bc-47a7-8a20-aafd1eac13c8,CD8_T
04846121-7b9f-4de8-abd0-f5facdfc7495,Bcell
e8a8a526-a242-4bde-92e8-dcfd57994854,CD8_T
a91dea7f-2e9f-41df-8790-f43a5c2805d1,CD8_T
65d8acc1-fccd-491d-960a-1f2c1f3de6e5,CD8_T
a9f35db7-5f0f-401f-a8d1-7cb3986a263e,Treg
ea45679d-ca9b-4b70-8038-6b3e80dd3060,CD8_T
188b0a21-d35a-4bb1-859d-2c3d60ba0aa1,CD8_T
2c3ff87f-ed05-43fe-a5a3-bfd25b3072e0,CD8_T
7c31a31c-eb48-4f7a-89d5-f639d2b253cc,Myeloid
db7889b2-6b8f-42a2-9c9c-bc67c7365e5d,Treg
2f9f9ff9-17df-4c10-bc26-24a297e68209,Myeloid
034b2e58-300c-4fe0-bffe-8f4de4a64b64,CD4_T
ec2dcb01-88de-471c-8f63-74f6f6a933bd,Bcell
5c0ae149-1128-4085-86d1-48e197373220,CD4_T
793e1fdc-856e-451d-bc50-20bb2970fd34,CD8_T
380900a7-b404-4528-9bf4-225355164352,CD8_T
6ea4d683-08d1-4642-b57d-11d7efa72f7b,Bcell
b6a94f4a-d27f-4445-be64-e7156ddcab00,Bcell
e44c531a-0573-4d78-9f51-9efc155c2ab2,CD8_T
1e196e6d-013e-43e2-a14c-703445e20648,Bcell
46c4136f-568f-49da-ba39-91193c7fdb09,Bcell
4ecac04d-faea-4327-b8d4-385f6b401064,CD8_T
8fccf216-3d32-42bf-b307-fe619b34d32e,Treg
e3a915d0-4f25-49e4-a7fd-c05e56f09a95,Bcell
0b95f19f-fd0d-4e07-aefa-b40fc9e0ebc0,CD8_T
81878503-1298-43ae-b2f1-d1287c06b1d2,Treg
75076f7c-4f93-425c-a1fe-04da5e152713,Myeloid
f95a6ba5-5617-4319-8da7-23776ffd234b,Treg
f2ae2337-217d-4474-a16e-6e599aafb4fb,Bcell
f6a68b63-c964-4310-8d8b-7702aafe0d15,CD4_T
45887510-8d68-4aeb-95ad-41a38829481c,Treg
1d890b27-09be-4ad5-ab76-7accf7863358,Treg
f03c418f-237e-4068-a5f5-8dd76a088528,Treg
e8f59047-56bd-4443-ac16-b02f0cc4452e,Treg
b0e82cb6-f5a8-4f86-af06-c4c540cc3768,CD8_T
c819468a-ff2f-439f-a234-d2330788d68b,Treg
56155c37-2774-49dd-8184-dc1598e727d1,CD4_T
043ef737-b2d1-4234-bb7d-6400d2a9be87,CD4_T
3b3772e9-61ed-47bc-9114-2dc91bef0e26,Treg
0e56aeb8-f1b2-495d-b110-f954d6ce816e,CD4_T
c7002470-43f8-4ed6-a570-c688ddf9e7fa,Treg
9f83f7e0-8251-4375-bd6a-e2aa33aa41a9,Treg
915b4f16-8f27-4515-9f27-74bf19271366,Treg
9daeaaa0-369e-4a75-b317-9423cfc07151,Treg
e9fc50e4-bc60-4fca-9883-cb2a0b82a65b,Treg
3c3b8dc3-f8fa-40f8-9d2a-93fc472b4113,Treg
870efc2f-6e9a-4b00-a8b6-ee4f44de256d,CD8_T
36d6de65-c5b1-4994-b4c7-f91ade1e1ac5,Treg
0b9e37cf-4cbf-4975-ab6a-a79131d860ac,CD4_T
f5a01b06-575e-406e-99e5-0bb1c47f632a,Treg
7fa652bc-4cbe-4389-84ca-7f7011e24c17,Treg
67bc2f4f-d9e8-42ba-9e38-465f924c423f,Treg
c13b88dc-69c7-48e9-b503-222b7163b55c,Treg
280de630-a77c-41c1-a98a-0bd9b147954d,Treg
4b760098-6d39-4942-b45a-9f14f992e36a,CD8_T
2265ca40-baa2-4fb4-8bb1-ac7785f4e78d,Treg
7a8cdfb5-f62c-48cf-80aa-61d049b1f15f,CD4_T
d64ac6ca-038d-400a-836e-c71f4e6dec20,Treg
02fc9eb8-5f11-449f-9858-0f7ddbfc5248,Treg
bdb65032-b709-4873-b8a4-9ee5161ae091,Treg
579f46f0-9e4e-44f5-99ea-0cdd2189ae92,Treg
64f32f9e-9453-4239-bfc2-499039d9e1f8,Treg
2a9a029d-cd0a-44bd-91bd-fae4eeabcbfa,CD4_T
f67ac0ed-7587-496d-b349-e0ba2450030c,Treg
6bb2cd0a-6a1c-4b99-b7cc-fea33f9dd60c,Treg
f9702a5f-0579-4ff9-be66-0d3509aa3b1a,Treg
50b99e77-12b7-45ba-bf4e-2e9b10f0b742,Treg
f1165f18-5e56-437b-ba2a-9277342f27c3,Treg
d9c55539-4b88-4580-ae2e-03937131ba19,Treg
c3db4c61-d1d3-4daa-98ea-e7b614d6e0f2,CD8_T
d2efeebe-86ef-46c3-bc44-615068f48c14,Treg
bb90098e-23ef-4b9d-a5e3-f6f46a3e7f44,Treg
1adc8d6f-e062-4a31-8290-b391c839109a,CD8_T
1af5c339-0cee-4c53-8a08-857f2d86c9c9,Treg
4da94816-7b3c-434f-b43e-24da11975ebf,Endothelia
da15d487-e897-45e5-a358-6590fa19b1b8,CD8_T
4fdc674b-37a7-404c-abd8-a6e0fc22c67c,CD8_T
30d0ebe9-e578-4894-99f8-639c0c084946,Stroma
68c3c456-af36-4810-9433-6cee0acf4e68,Endothelia
37461e1f-f610-4c6d-bbe6-1d5689d21922,Endothelia
4434a63c-83bc-4fe6-8c02-ab238e435949,Endothelia
67e81bd5-46c7-49fc-ac5b-74750fd6cc44,Endothelia
19a3ea04-b3a4-4326-81bd-14c8553a4f76,Endothelia
b098388e-50a2-4a3e-be32-c2f37b415a44,Endothelia
f25b41a6-bcaf-4e3c-bb37-bab64e74e128,CD8_T
9db645f7-3e04-4f77-80a8-e81b84911c0d,CD8_T
3ed81ea3-34e1-4da6-9c40-d89cd118c0aa,CD8_T
b4bcee23-6a00-4f96-82be-d8525e5683e8,CD8_T
c94c97f1-f8d4-4d88-be8b-95440cf22fb5,CD8_T
ef566438-fd65-40b7-82f9-0c1270c0485c,CD8_T
895d3b0f-5599-4f82-97b6-efc2cb0a2f83,Endothelia
a1bc4962-d0fa-4b68-86eb-2d132b58e970,CD8_T
d5796cec-96b2-4972-b770-7451b573d95f,Myeloid
d4598842-b093-411b-ba44-02e5630f0b64,Myeloid
9066dffd-bfc4-4a98-a37f-4af5ecca8a7f,Endothelia
e3c44ec4-3539-48ce-a32d-5e58211e989f,CD8_T
88058cc6-dc01-4d4a-ac0d-0654b1e6ebbb,CD4_T
11203513-edb2-463d-bd1f-cd8c625e9ef8,Endothelia
cb4f0208-49c2-4c2e-9854-2db3e15e7177,Endothelia
ed19e202-4e06-4b70-8c0d-359fe15a11f9,Endothelia
fd26de14-3b6c-4fbd-843d-41515a51ced0,Endothelia
a8d9dc82-a868-40ee-93b5-63d0185ae949,Endothelia
fc128115-7e6c-43d7-9e78-2f2b27f6a32a,CD4_T
22fd2298-c2e3-493a-8212-100faf454062,Epi
ed653b9f-1c9a-41fc-a5a7-0303a7769247,Epi
9f339037-5f21-4b08-9e48-0a2c79400e93,CD8_T
d42617eb-e248-4d72-9717-959b4a377836,CD8_T
d8ec330a-b3ea-4b3f-a77d-6b37cc78f901,CD8_T
bb4a2da2-7c9d-4040-b433-072f2bfc2a41,CD8_T
5fd82a3c-0b38-4698-9313-1f57e19b6542,Endothelia
51725dd8-04f3-4b21-b557-c73cc656a384,Endothelia
